{
  "Update a repository with Valid Credentials" : {
    "transaction" : "Update a repository with Valid Credentials",
    "sampleCount" : 40,
    "errorCount" : 0,
    "errorPct" : 0.0,
    "meanResTime" : 437.0499999999999,
    "medianResTime" : 403.0,
    "minResTime" : 349.0,
    "maxResTime" : 670.0,
    "pct1ResTime" : 539.8,
    "pct2ResTime" : 638.8499999999997,
    "pct3ResTime" : 670.0,
    "throughput" : 3.923876790268786,
    "receivedKBytesPerSec" : 30.78499760888758,
    "sentKBytesPerSec" : 1.1572371002550519
  },
  "[res_key=reportgenerator_summary_total]" : {
    "transaction" : "[res_key=reportgenerator_summary_total]",
    "sampleCount" : 120,
    "errorCount" : 40,
    "errorPct" : 33.333332,
    "meanResTime" : 299.0250000000001,
    "medianResTime" : 386.5,
    "minResTime" : 0.0,
    "maxResTime" : 872.0,
    "pct1ResTime" : 522.7,
    "pct2ResTime" : 577.0999999999996,
    "pct3ResTime" : 868.0099999999999,
    "throughput" : 10.83815028901734,
    "receivedKBytesPerSec" : 60.921200438041915,
    "sentKBytesPerSec" : 1.8275266437861273
  },
  "Create a repository for the authenticated user with Invalid Data" : {
    "transaction" : "Create a repository for the authenticated user with Invalid Data",
    "sampleCount" : 40,
    "errorCount" : 40,
    "errorPct" : 100.0,
    "meanResTime" : 0.024999999999999998,
    "medianResTime" : 0.0,
    "minResTime" : 0.0,
    "maxResTime" : 1.0,
    "pct1ResTime" : 0.0,
    "pct2ResTime" : 0.0,
    "pct3ResTime" : 1.0,
    "throughput" : 3.9005363237445145,
    "receivedKBytesPerSec" : 4.570941004388103,
    "sentKBytesPerSec" : 0.0
  },
  "Get a repository with Valid Credentials" : {
    "transaction" : "Get a repository with Valid Credentials",
    "sampleCount" : 40,
    "errorCount" : 0,
    "errorPct" : 0.0,
    "meanResTime" : 459.99999999999994,
    "medianResTime" : 437.5,
    "minResTime" : 348.0,
    "maxResTime" : 872.0,
    "pct1ResTime" : 540.5,
    "pct2ResTime" : 841.699999999999,
    "pct3ResTime" : 872.0,
    "throughput" : 3.765414666290125,
    "receivedKBytesPerSec" : 29.541774039819263,
    "sentKBytesPerSec" : 0.7942671561705733
  }
}